{"0": {"precision": 0.9473684210526315, "recall": 1.0, "f1-score": 0.972972972972973, "support": 18.0}, "1": {"precision": 1.0, "recall": 0.95, "f1-score": 0.9743589743589743, "support": 20.0}, "accuracy": 0.9736842105263158, "macro avg": {"precision": 0.9736842105263157, "recall": 0.975, "f1-score": 0.9736659736659736, "support": 38.0}, "weighted avg": {"precision": 0.9750692520775623, "recall": 0.9736842105263158, "f1-score": 0.973702447386658, "support": 38.0}}