{"0": {"precision": 1.0, "recall": 0.9444444444444444, "f1-score": 0.9714285714285714, "support": 18.0}, "1": {"precision": 0.9523809523809523, "recall": 1.0, "f1-score": 0.975609756097561, "support": 20.0}, "accuracy": 0.9736842105263158, "macro avg": {"precision": 0.9761904761904762, "recall": 0.9722222222222222, "f1-score": 0.9735191637630662, "support": 38.0}, "weighted avg": {"precision": 0.9749373433583961, "recall": 0.9736842105263158, "f1-score": 0.9736291949385659, "support": 38.0}}